SettlementPoint,Year,HourlyVolatility
HB_WEST,2016,0.5296607651481435
HB_WEST,2017,0.5281841869099946
HB_WEST,2018,0.708518317093541
HB_WEST,2019,1.0701969579858055
